x_axis,y_axis,heading
1.2,1.8,0
1.7,1.4,-0.674740942223553
2.2,1,-0.674740942223553
2.2,1,0
